,ts_code,trade_date,open,high,low,close,pre_close,change,pct_chg,vol,amount
301,600025.SH,20230103,6.62,6.77,6.6,6.74,6.6,0.14,2.1212,273996.96,184235.856
300,600025.SH,20230104,6.74,6.77,6.68,6.74,6.74,0.0,0.0,219954.79,148104.429
299,600025.SH,20230105,6.76,6.79,6.7,6.73,6.74,-0.01,-0.1484,189174.0,127636.805
298,600025.SH,20230106,6.77,6.78,6.73,6.77,6.73,0.04,0.5944,172674.11,116821.865
297,600025.SH,20230109,6.76,6.78,6.64,6.66,6.77,-0.11,-1.6248,204306.96,136511.24
296,600025.SH,20230110,6.7,6.71,6.64,6.66,6.66,0.0,0.0,132209.56,88083.139
295,600025.SH,20230111,6.66,6.71,6.65,6.67,6.66,0.01,0.1502,123880.34,82788.649
294,600025.SH,20230112,6.66,6.69,6.6,6.64,6.67,-0.03,-0.4498,129331.29,85868.89
293,600025.SH,20230113,6.67,6.7,6.63,6.66,6.64,0.02,0.3012,158054.13,105276.935
292,600025.SH,20230116,6.66,6.72,6.65,6.69,6.66,0.03,0.4505,247757.99,165800.728
291,600025.SH,20230117,6.7,6.71,6.64,6.64,6.69,-0.05,-0.7474,169344.69,112975.025
290,600025.SH,20230118,6.64,6.73,6.64,6.72,6.64,0.08,1.2048,159828.76,107168.192
289,600025.SH,20230119,6.73,6.91,6.69,6.9,6.72,0.18,2.6786,367142.08,251095.771
288,600025.SH,20230120,6.9,6.96,6.84,6.96,6.9,0.06,0.8696,361592.81,249863.503
287,600025.SH,20230130,6.97,6.99,6.71,6.73,6.96,-0.23,-3.3046,481725.78,327621.877
286,600025.SH,20230131,6.75,6.75,6.64,6.68,6.73,-0.05,-0.7429,242556.69,161916.006
285,600025.SH,20230201,6.68,6.69,6.64,6.67,6.68,-0.01,-0.1497,255467.0,170037.461
284,600025.SH,20230202,6.67,6.7,6.64,6.68,6.67,0.01,0.1499,213508.0,142380.847
283,600025.SH,20230203,6.67,6.68,6.61,6.65,6.68,-0.03,-0.4491,202464.74,134439.0
282,600025.SH,20230206,6.62,6.69,6.61,6.65,6.65,0.0,0.0,166606.89,110880.579
281,600025.SH,20230207,6.64,6.69,6.63,6.69,6.65,0.04,0.6015,182302.06,121504.454
280,600025.SH,20230208,6.68,6.72,6.67,6.69,6.69,0.0,0.0,141099.99,94412.255
279,600025.SH,20230209,6.7,6.77,6.69,6.76,6.69,0.07,1.0463,153145.12,103213.791
278,600025.SH,20230210,6.76,6.91,6.74,6.87,6.76,0.11,1.6272,258642.65,176544.053
277,600025.SH,20230213,6.88,6.89,6.78,6.86,6.87,-0.01,-0.1456,208127.35,142107.62
276,600025.SH,20230214,6.84,6.89,6.82,6.88,6.86,0.02,0.2915,148456.46,101784.207
275,600025.SH,20230215,6.89,6.9,6.8,6.88,6.88,0.0,0.0,210256.56,144042.423
274,600025.SH,20230216,6.86,6.95,6.83,6.87,6.88,-0.01,-0.1453,257591.05,177973.463
273,600025.SH,20230217,6.84,6.93,6.84,6.86,6.87,-0.01,-0.1456,163229.0,112363.539
272,600025.SH,20230220,6.86,6.95,6.84,6.94,6.86,0.08,1.1662,174298.0,120269.123
271,600025.SH,20230221,6.95,7.05,6.92,7.01,6.94,0.07,1.0086,200105.18,140194.24
270,600025.SH,20230222,6.99,7.08,6.98,7.04,7.01,0.03,0.428,205423.75,144565.897
269,600025.SH,20230223,7.04,7.11,7.02,7.05,7.04,0.01,0.142,187136.0,131968.711
268,600025.SH,20230224,7.05,7.11,7.03,7.09,7.05,0.04,0.5674,159895.84,113250.906
267,600025.SH,20230227,7.07,7.16,7.06,7.11,7.09,0.02,0.2821,237601.4,168830.287
266,600025.SH,20230228,7.11,7.14,7.08,7.1,7.11,-0.01,-0.1406,180663.19,128273.051
265,600025.SH,20230301,7.11,7.15,7.1,7.15,7.1,0.05,0.7042,182690.33,130305.101
264,600025.SH,20230302,7.15,7.19,7.12,7.18,7.15,0.03,0.4196,169702.89,121532.284
263,600025.SH,20230303,7.18,7.32,7.17,7.3,7.18,0.12,1.6713,221534.29,161111.78
262,600025.SH,20230306,7.3,7.33,7.23,7.26,7.3,-0.04,-0.5479,211413.79,153906.954
261,600025.SH,20230307,7.26,7.35,7.25,7.29,7.26,0.03,0.4132,172433.48,125943.741
260,600025.SH,20230308,7.25,7.28,7.2,7.24,7.29,-0.05,-0.6859,198897.67,143901.584
259,600025.SH,20230309,7.24,7.27,7.15,7.16,7.24,-0.08,-1.105,182550.54,131632.863
258,600025.SH,20230310,7.18,7.18,7.06,7.12,7.16,-0.04,-0.5587,164283.47,117131.66
257,600025.SH,20230313,7.11,7.23,7.1,7.21,7.12,0.09,1.264,169366.49,121828.082
256,600025.SH,20230314,7.22,7.3,7.18,7.25,7.21,0.04,0.5548,146908.0,106610.958
255,600025.SH,20230315,7.26,7.31,7.23,7.29,7.25,0.04,0.5517,130607.64,95069.423
254,600025.SH,20230316,7.26,7.35,7.21,7.29,7.29,0.0,0.0,160265.95,117138.357
253,600025.SH,20230317,7.3,7.35,7.2,7.24,7.29,-0.05,-0.6859,189049.55,137612.127
252,600025.SH,20230320,7.23,7.47,7.1,7.2,7.24,-0.04,-0.5525,421347.98,307843.107
251,600025.SH,20230321,7.2,7.28,7.06,7.08,7.2,-0.12,-1.6667,344653.64,246172.932
250,600025.SH,20230322,7.11,7.15,7.05,7.06,7.08,-0.02,-0.2825,233583.27,165687.527
249,600025.SH,20230323,7.06,7.08,6.94,6.98,7.06,-0.08,-1.1331,225959.86,157738.201
248,600025.SH,20230324,6.98,7.02,6.92,6.93,6.98,-0.05,-0.7163,175788.14,122548.758
247,600025.SH,20230327,6.92,6.95,6.85,6.91,6.93,-0.02,-0.2886,212911.16,147201.99
246,600025.SH,20230328,6.89,7.0,6.89,6.95,6.91,0.04,0.5789,175558.96,122091.508
245,600025.SH,20230329,6.94,6.97,6.87,6.89,6.95,-0.06,-0.8633,135176.82,93340.851
244,600025.SH,20230330,6.89,7.07,6.89,7.06,6.89,0.17,2.4673,248138.36,173949.039
243,600025.SH,20230331,7.03,7.12,7.03,7.07,7.06,0.01,0.1416,219394.88,155443.258
242,600025.SH,20230403,7.06,7.09,6.89,6.93,7.07,-0.14,-1.9802,325388.69,226555.126
241,600025.SH,20230404,6.93,6.99,6.91,6.97,6.93,0.04,0.5772,149419.32,103965.92
240,600025.SH,20230406,6.92,6.95,6.88,6.91,6.97,-0.06,-0.8608,182210.07,125941.945
239,600025.SH,20230407,6.91,6.93,6.84,6.86,6.91,-0.05,-0.7236,202775.71,139202.855
238,600025.SH,20230410,6.87,6.88,6.79,6.88,6.86,0.02,0.2915,243939.03,166711.015
237,600025.SH,20230411,6.88,6.89,6.79,6.81,6.88,-0.07,-1.0174,259036.34,176781.591
236,600025.SH,20230412,6.82,6.9,6.81,6.89,6.81,0.08,1.1747,279280.26,191314.902
235,600025.SH,20230413,6.89,6.98,6.87,6.94,6.89,0.05,0.7257,272154.9,188388.367
234,600025.SH,20230414,6.91,6.97,6.9,6.94,6.94,0.0,0.0,256180.98,177779.43
233,600025.SH,20230417,6.96,7.15,6.87,7.13,6.94,0.19,2.7378,320076.31,226565.176
232,600025.SH,20230418,7.13,7.14,7.04,7.07,7.13,-0.06,-0.8415,159880.0,113233.003
231,600025.SH,20230419,7.07,7.13,7.03,7.04,7.07,-0.03,-0.4243,137306.03,97096.61
230,600025.SH,20230420,7.05,7.07,6.96,7.02,7.04,-0.02,-0.2841,133805.66,93681.228
229,600025.SH,20230421,7.0,7.12,6.98,7.0,7.02,-0.02,-0.2849,219954.32,155302.571
228,600025.SH,20230424,7.0,7.02,6.84,6.86,7.0,-0.14,-2.0,292420.57,202221.225
227,600025.SH,20230425,6.86,6.95,6.84,6.92,6.86,0.06,0.8746,188434.66,130024.842
226,600025.SH,20230426,6.9,6.94,6.86,6.86,6.92,-0.06,-0.8671,156983.51,108150.37
225,600025.SH,20230427,6.9,6.99,6.85,6.99,6.86,0.13,1.895,196437.04,136204.239
224,600025.SH,20230428,7.0,7.03,6.94,6.95,6.99,-0.04,-0.5722,201655.96,140391.062
223,600025.SH,20230504,6.94,7.18,6.92,7.16,6.95,0.21,3.0216,365247.91,259980.884
222,600025.SH,20230505,7.16,7.2,7.07,7.11,7.16,-0.05,-0.6983,219295.43,156169.147
221,600025.SH,20230508,7.09,7.27,7.08,7.21,7.11,0.1,1.4065,252764.6,181701.559
220,600025.SH,20230509,7.22,7.33,7.11,7.14,7.21,-0.07,-0.9709,313374.68,226337.599
219,600025.SH,20230510,7.17,7.24,7.08,7.11,7.14,-0.03,-0.4202,185906.0,132749.174
218,600025.SH,20230511,7.2,7.81,7.18,7.48,7.11,0.37,5.2039,740864.83,558121.36
217,600025.SH,20230512,7.48,7.64,7.38,7.53,7.48,0.05,0.6684,438726.34,330366.038
216,600025.SH,20230515,7.54,7.63,7.35,7.4,7.53,-0.13,-1.7264,295042.83,219439.336
215,600025.SH,20230516,7.43,7.51,7.37,7.42,7.4,0.02,0.2703,199193.78,148096.476
214,600025.SH,20230517,7.4,7.44,7.31,7.38,7.42,-0.04,-0.5391,213795.97,157432.421
213,600025.SH,20230518,7.39,7.43,7.33,7.38,7.38,0.0,0.0,203937.4,150401.262
212,600025.SH,20230519,7.38,7.38,7.29,7.29,7.38,-0.09,-1.2195,134647.69,98690.259
211,600025.SH,20230522,7.29,7.59,7.2,7.54,7.29,0.25,3.4294,437694.7,328505.594
210,600025.SH,20230523,7.55,7.59,7.51,7.54,7.54,0.0,0.0,276549.0,208684.451
209,600025.SH,20230524,7.52,7.52,7.39,7.39,7.54,-0.15,-1.9894,159479.88,118463.052
208,600025.SH,20230525,7.39,7.44,7.34,7.4,7.39,0.01,0.1353,140288.81,103517.32
207,600025.SH,20230526,7.43,7.51,7.38,7.4,7.4,0.0,0.0,105367.49,78196.645
206,600025.SH,20230529,7.39,7.68,7.38,7.61,7.4,0.21,2.8378,325546.5,246029.486
205,600025.SH,20230530,7.65,7.69,7.55,7.6,7.61,-0.01,-0.1314,202494.83,154125.767
204,600025.SH,20230531,7.69,7.75,7.44,7.5,7.6,-0.1,-1.3158,197729.69,149346.349
203,600025.SH,20230601,7.5,7.54,7.29,7.3,7.5,-0.2,-2.6667,321308.3,236992.005
202,600025.SH,20230602,7.31,7.34,7.24,7.27,7.3,-0.03,-0.411,180141.42,131030.674
201,600025.SH,20230605,7.27,7.38,7.23,7.29,7.27,0.02,0.2751,168081.19,122614.499
200,600025.SH,20230606,7.29,7.36,7.25,7.25,7.29,-0.04,-0.5487,169883.23,123948.976
199,600025.SH,20230607,7.28,7.3,7.21,7.23,7.25,-0.02,-0.2759,112794.46,81782.522
198,600025.SH,20230608,7.21,7.41,7.21,7.36,7.23,0.13,1.7981,155637.4,114186.586
197,600025.SH,20230609,7.34,7.6,7.34,7.55,7.36,0.19,2.5815,282520.25,211437.78
196,600025.SH,20230612,7.55,7.7,7.37,7.38,7.55,-0.17,-2.2517,206596.96,154678.568
195,600025.SH,20230613,7.4,7.41,7.22,7.25,7.38,-0.13,-1.7615,217600.91,158452.747
194,600025.SH,20230614,7.27,7.3,7.15,7.16,7.25,-0.09,-1.2414,257252.7,185207.825
193,600025.SH,20230615,7.16,7.21,7.12,7.19,7.16,0.03,0.419,116272.03,83301.365
192,600025.SH,20230616,7.19,7.22,7.0,7.04,7.19,-0.15,-2.0862,485013.88,342740.717
191,600025.SH,20230619,6.94,7.05,6.91,7.0,6.87,0.13,1.8923,201168.41,140596.807
190,600025.SH,20230620,7.0,7.02,6.95,6.99,7.0,-0.01,-0.1429,113264.64,79105.947
189,600025.SH,20230621,6.99,7.14,6.92,6.99,6.99,0.0,0.0,225544.05,158791.997
188,600025.SH,20230626,6.98,7.06,6.96,7.05,6.99,0.06,0.8584,201584.05,141582.854
187,600025.SH,20230627,7.06,7.07,6.93,7.0,7.05,-0.05,-0.7092,175170.2,122502.79
186,600025.SH,20230628,7.0,7.18,6.98,7.17,7.0,0.17,2.4286,236220.81,168042.357
185,600025.SH,20230629,7.17,7.24,7.12,7.19,7.17,0.02,0.2789,156921.2,112837.248
184,600025.SH,20230630,7.23,7.26,7.1,7.13,7.19,-0.06,-0.8345,148613.87,106067.776
183,600025.SH,20230703,7.13,7.18,7.12,7.15,7.13,0.02,0.2805,97824.95,69959.573
182,600025.SH,20230704,7.15,7.16,7.03,7.07,7.15,-0.08,-1.1189,154584.27,109290.749
181,600025.SH,20230705,7.01,7.15,7.0,7.04,7.07,-0.03,-0.4243,171334.0,120973.649
180,600025.SH,20230706,7.03,7.08,6.95,6.99,7.04,-0.05,-0.7102,167399.6,117180.863
179,600025.SH,20230707,6.99,7.06,6.98,7.02,6.99,0.03,0.4292,95254.73,66804.321
178,600025.SH,20230710,7.02,7.14,6.99,7.03,7.02,0.01,0.1425,122495.95,86133.812
177,600025.SH,20230711,7.02,7.03,6.97,6.99,7.03,-0.04,-0.569,89127.3,62355.866
176,600025.SH,20230712,7.0,7.02,6.96,6.97,6.99,-0.02,-0.2861,117564.38,82090.893
175,600025.SH,20230713,6.97,7.04,6.96,7.02,6.97,0.05,0.7174,123590.52,86761.119
174,600025.SH,20230714,7.01,7.05,6.99,7.0,7.02,-0.02,-0.2849,108804.69,76329.16
173,600025.SH,20230717,7.01,7.04,6.99,7.03,7.0,0.03,0.4286,73764.0,51710.179
172,600025.SH,20230718,7.03,7.07,7.0,7.03,7.03,0.0,0.0,90587.48,63706.103
171,600025.SH,20230719,7.04,7.05,7.02,7.04,7.03,0.01,0.1422,91154.01,64132.576
170,600025.SH,20230720,7.04,7.08,7.01,7.03,7.04,-0.01,-0.142,97284.0,68466.769
169,600025.SH,20230721,7.03,7.04,6.99,6.99,7.03,-0.04,-0.569,100081.82,70170.012
168,600025.SH,20230724,7.0,7.02,6.97,7.0,6.99,0.01,0.1431,82692.78,57857.428
167,600025.SH,20230725,7.01,7.04,6.89,6.91,7.0,-0.09,-1.2857,330630.74,229318.385
166,600025.SH,20230726,6.93,6.99,6.89,6.96,6.91,0.05,0.7236,175605.29,121881.004
165,600025.SH,20230727,6.95,7.02,6.94,6.97,6.96,0.01,0.1437,112542.78,78649.902
164,600025.SH,20230728,6.98,7.0,6.95,6.99,6.97,0.02,0.2869,149284.59,104180.756
163,600025.SH,20230731,6.99,7.07,6.97,7.02,6.99,0.03,0.4292,177714.86,124902.773
162,600025.SH,20230801,7.04,7.1,7.01,7.09,7.02,0.07,0.9972,206094.51,145598.124
161,600025.SH,20230802,7.09,7.1,7.02,7.05,7.09,-0.04,-0.5642,157296.42,110979.115
160,600025.SH,20230803,7.04,7.08,7.02,7.06,7.05,0.01,0.1418,87896.4,62008.33
159,600025.SH,20230804,7.1,7.14,7.07,7.07,7.06,0.01,0.1416,131599.99,93388.801
158,600025.SH,20230807,7.07,7.12,7.02,7.11,7.07,0.04,0.5658,150453.4,106559.971
157,600025.SH,20230808,7.1,7.2,7.09,7.13,7.11,0.02,0.2813,124202.0,88648.972
156,600025.SH,20230809,7.13,7.14,7.08,7.11,7.13,-0.02,-0.2805,125785.0,89349.827
155,600025.SH,20230810,7.11,7.14,7.08,7.14,7.11,0.03,0.4219,95086.14,67707.987
154,600025.SH,20230811,7.14,7.15,7.04,7.05,7.14,-0.09,-1.2605,102045.09,72304.269
153,600025.SH,20230814,7.02,7.09,6.98,7.07,7.05,0.02,0.2837,177026.09,124497.28
152,600025.SH,20230815,7.08,7.34,7.07,7.26,7.07,0.19,2.6874,364392.71,263590.311
151,600025.SH,20230816,7.24,7.31,7.21,7.23,7.26,-0.03,-0.4132,132375.19,95941.178
150,600025.SH,20230817,7.21,7.23,7.13,7.18,7.23,-0.05,-0.6916,165010.0,118175.875
149,600025.SH,20230818,7.18,7.35,7.18,7.25,7.18,0.07,0.9749,205605.5,149820.698
148,600025.SH,20230821,7.25,7.31,7.2,7.26,7.25,0.01,0.1379,178210.57,129508.006
147,600025.SH,20230822,7.24,7.27,7.19,7.25,7.26,-0.01,-0.1377,162438.7,117393.222
146,600025.SH,20230823,7.24,7.33,7.24,7.25,7.25,0.0,0.0,173480.48,126358.641
145,600025.SH,20230824,7.24,7.25,7.15,7.19,7.25,-0.06,-0.8276,182934.32,131346.746
144,600025.SH,20230825,7.17,7.3,7.15,7.25,7.19,0.06,0.8345,161230.12,116861.18
143,600025.SH,20230828,7.4,7.44,7.18,7.22,7.25,-0.03,-0.4138,302125.02,219511.68
142,600025.SH,20230829,7.22,7.25,7.13,7.15,7.22,-0.07,-0.9695,238491.69,171084.562
141,600025.SH,20230830,7.17,7.29,7.16,7.18,7.15,0.03,0.4196,191435.67,137914.239
140,600025.SH,20230831,7.18,7.28,7.17,7.25,7.18,0.07,0.9749,167591.26,121110.223
139,600025.SH,20230901,7.25,7.28,7.18,7.27,7.25,0.02,0.2759,153273.88,110909.379
138,600025.SH,20230904,7.26,7.32,7.21,7.28,7.27,0.01,0.1376,231190.53,167945.533
137,600025.SH,20230905,7.28,7.44,7.26,7.41,7.28,0.13,1.7857,321428.7,236971.612
136,600025.SH,20230906,7.4,7.45,7.36,7.38,7.41,-0.03,-0.4049,155991.94,115390.344
135,600025.SH,20230907,7.43,7.48,7.3,7.3,7.38,-0.08,-1.084,231124.0,169999.98
134,600025.SH,20230908,7.3,7.36,7.29,7.3,7.3,0.0,0.0,118820.35,86891.274
133,600025.SH,20230911,7.31,7.37,7.3,7.35,7.3,0.05,0.6849,135261.8,99414.841
132,600025.SH,20230912,7.34,7.43,7.34,7.38,7.35,0.03,0.4082,136123.3,100538.308
131,600025.SH,20230913,7.38,7.43,7.36,7.41,7.38,0.03,0.4065,133937.61,99119.595
130,600025.SH,20230914,7.42,7.59,7.38,7.56,7.41,0.15,2.0243,407750.36,307153.358
129,600025.SH,20230915,7.55,7.56,7.44,7.46,7.56,-0.1,-1.3228,214709.18,160673.659
128,600025.SH,20230918,7.47,7.48,7.32,7.43,7.46,-0.03,-0.4021,261752.43,193423.355
127,600025.SH,20230919,7.41,7.49,7.39,7.49,7.43,0.06,0.8075,162409.72,121100.698
126,600025.SH,20230920,7.49,7.51,7.44,7.48,7.49,-0.01,-0.1335,102043.84,76386.533
125,600025.SH,20230921,7.51,7.51,7.39,7.4,7.48,-0.08,-1.0695,157434.64,116990.144
124,600025.SH,20230922,7.43,7.45,7.36,7.38,7.4,-0.02,-0.2703,194050.52,143266.062
123,600025.SH,20230925,7.39,7.47,7.38,7.42,7.38,0.04,0.542,178048.35,132293.997
122,600025.SH,20230926,7.44,7.48,7.42,7.44,7.42,0.02,0.2695,82036.98,61125.671
121,600025.SH,20230927,7.46,7.49,7.41,7.47,7.44,0.03,0.4032,177649.16,132302.81
120,600025.SH,20230928,7.46,7.49,7.41,7.42,7.47,-0.05,-0.6693,136916.83,101828.876
119,600025.SH,20231009,7.42,7.6,7.4,7.54,7.42,0.12,1.6173,240693.15,180847.441
118,600025.SH,20231010,7.53,7.58,7.5,7.55,7.54,0.01,0.1326,158890.33,119808.256
117,600025.SH,20231011,7.54,7.6,7.47,7.48,7.55,-0.07,-0.9272,153538.31,115512.185
116,600025.SH,20231012,7.49,7.53,7.48,7.48,7.48,0.0,0.0,97757.33,73291.629
115,600025.SH,20231013,7.49,7.54,7.48,7.53,7.48,0.05,0.6684,115251.38,86554.278
114,600025.SH,20231016,7.51,7.61,7.5,7.6,7.53,0.07,0.9296,220292.02,167132.012
113,600025.SH,20231017,7.61,7.69,7.6,7.67,7.6,0.07,0.9211,206477.02,157985.537
112,600025.SH,20231018,7.67,7.74,7.63,7.63,7.67,-0.04,-0.5215,186524.18,143390.302
111,600025.SH,20231019,7.64,7.7,7.54,7.62,7.63,-0.01,-0.1311,261012.68,199083.838
110,600025.SH,20231020,7.64,7.66,7.52,7.55,7.62,-0.07,-0.9186,226717.08,171868.898
109,600025.SH,20231023,7.54,7.58,7.42,7.45,7.55,-0.1,-1.3245,177597.0,133462.864
108,600025.SH,20231024,7.49,7.62,7.39,7.6,7.45,0.15,2.0134,212284.38,159309.478
107,600025.SH,20231025,7.62,7.63,7.33,7.38,7.6,-0.22,-2.8947,397321.22,294929.367
106,600025.SH,20231026,7.37,7.56,7.36,7.53,7.38,0.15,2.0325,250139.82,187425.888
105,600025.SH,20231027,7.55,7.65,7.5,7.53,7.53,0.0,0.0,199360.28,151043.049
104,600025.SH,20231030,7.55,7.71,7.52,7.57,7.53,0.04,0.5312,271889.69,206198.708
103,600025.SH,20231031,7.57,7.72,7.54,7.68,7.57,0.11,1.4531,292992.29,224136.109
102,600025.SH,20231101,7.69,7.87,7.66,7.81,7.68,0.13,1.6927,429364.1,334535.223
101,600025.SH,20231102,7.81,7.85,7.77,7.83,7.81,0.02,0.2561,229681.89,179565.183
100,600025.SH,20231103,7.83,7.92,7.78,7.8,7.83,-0.03,-0.3831,227469.5,178148.618
99,600025.SH,20231106,7.81,7.84,7.67,7.7,7.8,-0.1,-1.2821,282631.59,218388.123
98,600025.SH,20231107,7.7,7.84,7.68,7.79,7.7,0.09,1.1688,163202.48,127090.212
97,600025.SH,20231108,7.78,7.9,7.73,7.81,7.79,0.02,0.2567,194486.91,151853.188
96,600025.SH,20231109,7.81,7.9,7.76,7.88,7.81,0.07,0.8963,168462.14,132349.382
95,600025.SH,20231110,7.88,7.95,7.82,7.93,7.88,0.05,0.6345,208066.06,164240.402
94,600025.SH,20231113,7.92,7.94,7.82,7.93,7.93,0.0,0.0,196875.23,155163.393
93,600025.SH,20231114,7.91,8.04,7.88,7.95,7.93,0.02,0.2522,266797.25,212013.742
92,600025.SH,20231115,7.96,8.05,7.95,8.04,7.95,0.09,1.1321,213499.03,170859.382
91,600025.SH,20231116,8.04,8.15,8.02,8.1,8.04,0.06,0.7463,239076.02,193609.896
90,600025.SH,20231117,8.09,8.1,8.0,8.05,8.1,-0.05,-0.6173,229222.42,184456.437
89,600025.SH,20231120,8.05,8.12,8.01,8.07,8.05,0.02,0.2484,234357.73,189019.241
88,600025.SH,20231121,8.07,8.1,8.03,8.06,8.07,-0.01,-0.1239,148750.0,119914.019
87,600025.SH,20231122,8.09,8.16,8.05,8.12,8.06,0.06,0.7444,241049.04,195695.369
86,600025.SH,20231123,8.14,8.14,8.04,8.08,8.12,-0.04,-0.4926,156246.53,126189.253
85,600025.SH,20231124,8.08,8.16,8.04,8.09,8.08,0.01,0.1238,261893.3,212078.059
84,600025.SH,20231127,8.06,8.09,8.01,8.05,8.09,-0.04,-0.4944,274850.77,220909.476
83,600025.SH,20231128,8.04,8.16,7.96,8.14,8.05,0.09,1.118,326331.54,263467.251
82,600025.SH,20231129,8.15,8.27,8.13,8.23,8.14,0.09,1.1057,250980.06,206565.171
81,600025.SH,20231130,8.24,8.36,8.21,8.34,8.23,0.11,1.3366,247679.71,205426.387
80,600025.SH,20231201,8.37,8.43,8.28,8.36,8.34,0.02,0.2398,416108.6,346836.322
79,600025.SH,20231204,8.36,8.39,8.26,8.32,8.36,-0.04,-0.4785,240221.05,199797.372
78,600025.SH,20231205,8.31,8.46,8.3,8.34,8.32,0.02,0.2404,283319.37,237729.8
77,600025.SH,20231206,8.31,8.37,8.23,8.35,8.34,0.01,0.1199,257381.69,213948.076
76,600025.SH,20231207,8.35,8.48,8.32,8.44,8.35,0.09,1.0778,246619.53,207422.493
75,600025.SH,20231208,8.44,8.54,8.39,8.52,8.44,0.08,0.9479,327190.51,277847.127
74,600025.SH,20231211,8.49,8.56,8.41,8.53,8.52,0.01,0.1174,373993.27,317962.196
73,600025.SH,20231212,8.5,8.7,8.49,8.67,8.53,0.14,1.6413,365519.0,315311.41
72,600025.SH,20231213,8.67,8.75,8.61,8.63,8.67,-0.04,-0.4614,260282.54,226019.909
71,600025.SH,20231214,8.62,8.69,8.5,8.65,8.63,0.02,0.2317,331734.36,285453.368
70,600025.SH,20231215,8.64,8.71,8.57,8.57,8.65,-0.08,-0.9249,272295.64,235078.533
69,600025.SH,20231218,8.56,8.63,8.51,8.58,8.57,0.01,0.1167,286199.0,245240.826
68,600025.SH,20231219,8.57,8.69,8.54,8.67,8.58,0.09,1.049,276180.86,238788.838
67,600025.SH,20231220,8.64,8.75,8.63,8.65,8.67,-0.02,-0.2307,205543.33,178708.683
66,600025.SH,20231221,8.67,8.7,8.57,8.66,8.65,0.01,0.1156,237013.78,204461.195
65,600025.SH,20231222,8.66,8.74,8.62,8.72,8.66,0.06,0.6928,242162.75,210778.646
64,600025.SH,20231225,8.72,8.89,8.66,8.89,8.72,0.17,1.9495,256987.12,225686.329
63,600025.SH,20231226,8.87,8.94,8.84,8.88,8.89,-0.01,-0.1125,278338.0,247570.644
62,600025.SH,20231227,8.88,9.0,8.85,8.98,8.88,0.1,1.1261,276827.0,247310.493
61,600025.SH,20231228,9.01,9.04,8.54,8.66,8.98,-0.32,-3.5635,900497.55,781985.046
60,600025.SH,20231229,8.6,8.69,8.5,8.63,8.66,-0.03,-0.3464,409210.78,351841.482
59,600025.SH,20240102,8.6,8.85,8.58,8.84,8.63,0.21,2.4334,357560.49,313272.03
58,600025.SH,20240103,8.83,8.92,8.76,8.91,8.84,0.07,0.7919,279203.6,247288.119
57,600025.SH,20240104,8.86,8.96,8.81,8.9,8.91,-0.01,-0.1122,206790.0,183593.749
56,600025.SH,20240105,8.87,8.95,8.82,8.84,8.9,-0.06,-0.6742,247949.75,220391.063
55,600025.SH,20240108,8.84,8.86,8.68,8.75,8.84,-0.09,-1.0181,344732.36,301562.997
54,600025.SH,20240109,8.73,8.73,8.42,8.62,8.75,-0.13,-1.4857,513558.09,439446.508
53,600025.SH,20240110,8.58,8.73,8.49,8.58,8.62,-0.04,-0.464,366753.01,314551.862
52,600025.SH,20240111,8.58,8.58,8.41,8.45,8.58,-0.13,-1.5152,353017.8,299603.187
51,600025.SH,20240112,8.43,8.61,8.42,8.57,8.45,0.12,1.4201,302914.72,259119.293
50,600025.SH,20240115,8.59,8.7,8.53,8.67,8.57,0.1,1.1669,314530.52,271829.568
49,600025.SH,20240116,8.66,8.74,8.63,8.72,8.67,0.05,0.5767,225737.73,196244.668
48,600025.SH,20240117,8.69,8.77,8.62,8.63,8.72,-0.09,-1.0321,184731.23,160766.168
47,600025.SH,20240118,8.61,8.61,8.28,8.57,8.63,-0.06,-0.6952,457830.0,386881.565
46,600025.SH,20240119,8.54,8.65,8.47,8.51,8.57,-0.06,-0.7001,253357.61,216567.84
45,600025.SH,20240122,8.47,8.55,8.27,8.31,8.51,-0.2,-2.3502,321261.76,270392.503
44,600025.SH,20240123,8.3,8.47,8.18,8.43,8.31,0.12,1.444,290536.73,241911.299
43,600025.SH,20240124,8.44,8.59,8.42,8.59,8.43,0.16,1.898,312314.18,266144.954
42,600025.SH,20240125,8.59,8.68,8.55,8.66,8.59,0.07,0.8149,268961.41,231869.033
41,600025.SH,20240126,8.66,8.73,8.6,8.72,8.66,0.06,0.6928,307452.49,266700.674
40,600025.SH,20240129,8.72,8.96,8.72,8.82,8.72,0.1,1.1468,371210.15,328883.337
39,600025.SH,20240130,8.81,8.86,8.69,8.72,8.82,-0.1,-1.1338,255465.29,224130.599
38,600025.SH,20240131,8.72,8.83,8.65,8.74,8.72,0.02,0.2294,343449.31,300656.969
37,600025.SH,20240201,8.73,8.84,8.65,8.74,8.74,0.0,0.0,347644.88,304577.817
36,600025.SH,20240202,8.74,8.95,8.71,8.87,8.74,0.13,1.4874,462468.0,409204.493
35,600025.SH,20240205,8.87,8.94,8.77,8.88,8.87,0.01,0.1127,504849.57,447913.662
34,600025.SH,20240206,8.86,9.09,8.86,9.02,8.88,0.14,1.5766,514533.32,464056.263
33,600025.SH,20240207,9.03,9.04,8.79,8.97,9.02,-0.05,-0.5543,565348.46,503229.137
32,600025.SH,20240208,8.96,8.97,8.68,8.87,8.97,-0.1,-1.1148,628513.79,552938.426
31,600025.SH,20240219,8.87,9.22,8.81,9.22,8.87,0.35,3.9459,556038.51,504680.398
30,600025.SH,20240220,9.24,9.4,9.15,9.36,9.22,0.14,1.5184,257655.32,239952.6
29,600025.SH,20240221,9.34,9.4,9.2,9.22,9.36,-0.14,-1.4957,412699.95,383733.534
28,600025.SH,20240222,9.22,9.4,9.2,9.4,9.22,0.18,1.9523,243037.02,226597.055
27,600025.SH,20240223,9.4,9.65,9.37,9.57,9.4,0.17,1.8085,308854.75,295112.315
26,600025.SH,20240226,9.57,9.62,9.32,9.35,9.57,-0.22,-2.2989,303735.66,287527.658
25,600025.SH,20240227,9.13,9.4,9.05,9.32,9.35,-0.03,-0.3209,294673.15,273191.616
24,600025.SH,20240228,9.32,9.39,9.16,9.34,9.32,0.02,0.2146,274976.4,255370.662
23,600025.SH,20240229,9.32,9.33,9.19,9.28,9.34,-0.06,-0.6424,263432.0,243626.826
22,600025.SH,20240301,9.24,9.34,9.2,9.22,9.28,-0.06,-0.6466,243722.99,225651.195
21,600025.SH,20240304,9.18,9.62,9.16,9.62,9.22,0.4,4.3384,374817.78,354141.196
20,600025.SH,20240305,9.58,9.84,9.57,9.73,9.62,0.11,1.1435,332143.09,322960.35
19,600025.SH,20240306,9.73,9.91,9.71,9.79,9.73,0.06,0.6166,277688.22,272529.795
18,600025.SH,20240307,9.77,9.87,9.74,9.84,9.79,0.05,0.5107,215988.63,212313.188
17,600025.SH,20240308,9.84,9.98,9.78,9.93,9.84,0.09,0.9146,232826.23,230687.26
16,600025.SH,20240311,9.94,10.01,9.67,9.73,9.93,-0.2,-2.0141,377892.0,370040.286
15,600025.SH,20240312,9.73,9.76,9.42,9.46,9.73,-0.27,-2.7749,301264.03,287815.081
14,600025.SH,20240313,9.43,9.54,9.37,9.41,9.46,-0.05,-0.5285,271803.89,256158.503
13,600025.SH,20240314,9.38,9.52,9.35,9.44,9.41,0.03,0.3188,214197.55,202271.473
12,600025.SH,20240315,9.42,9.62,9.42,9.49,9.44,0.05,0.5297,216600.5,205894.127
11,600025.SH,20240318,9.49,9.6,9.39,9.44,9.49,-0.05,-0.5269,230122.51,217871.109
10,600025.SH,20240319,9.45,9.53,9.38,9.4,9.44,-0.04,-0.4237,203206.0,192066.937
9,600025.SH,20240320,9.38,9.53,9.24,9.43,9.4,0.03,0.3191,214865.0,202104.421
8,600025.SH,20240321,9.4,9.45,9.35,9.41,9.43,-0.02,-0.2121,136080.98,127893.288
7,600025.SH,20240322,9.38,9.44,9.29,9.3,9.41,-0.11,-1.169,257063.42,240202.111
6,600025.SH,20240325,9.27,9.39,9.27,9.3,9.3,0.0,0.0,197432.51,184200.122
5,600025.SH,20240326,9.28,9.35,9.18,9.31,9.3,0.01,0.1075,232442.52,215145.804
4,600025.SH,20240327,9.35,9.47,9.31,9.41,9.31,0.1,1.0741,265684.31,249930.291
3,600025.SH,20240328,9.4,9.45,9.26,9.39,9.41,-0.02,-0.2125,242195.21,226735.356
2,600025.SH,20240329,9.41,9.58,9.39,9.58,9.39,0.19,2.0234,230079.13,219028.916
1,600025.SH,20240401,9.56,9.61,9.39,9.45,9.58,-0.13,-1.357,286704.32,271092.636
0,600025.SH,20240402,9.46,9.59,9.39,9.46,9.45,0.01,0.1058,245169.02,232685.771
